SupervisorID,SupervisorPassword,WorkplaceID
A1_061,obb8210,A1
A2_342,hlu843,A2
A3_501,ayv8075!,A3
A4_765,sqt6414,A4
A5_230,anp3938,A5
A6_820,btm5687!,A6
A7_391,nia7367,A7
A8_973,avr7697,A8
A9_395,wgw2486,A9
A10_844,ltu6628,A10
A11_500,yzx4436,A11
B12_392,ekp2439,B12
B13_669,hdo6363,B13
B14_042,uls9783,B14
B15_949,dzl3863!,B15
B16_419,iei2559,B16
B17_779,bqm9087,B17
B18_230,acv9932,B18
B19_204,ccp34427,B19
B20_367,xbp574,B20
C21_984,gns7184,C21
F22_581,vqa9445!,F22
F23_174,obw2192,F23
F24_452,xsx8886,F24
F25_703,rck760,F25
G26_351,vbq530,G26
G27_058,bfu9056,G27
C28_360,hkb8354,C28
F29_127,esn83916,F29
E30_654,ney7965,E30
E31_810,obb8210,E31
E32_263,hlu843,E32
E33_759,ayv8075!,E33
E34_582,sqt6414,E34
E35_731,anp3938,E35
T37_647,btm5687!,T37
T37_840,nia7367,T37
S38_687,avr7697,S38
S39_367,wgw2486,S39
C40_567,ltu6628,C40
C41_841,yzx4436,C41
C42_846,ekp2439,C42
C43_683,hdo6363,C43
G44_264,uls9783,G44
F45_106,obb8210,F45
K46_069,hlu843,K46
L47_776,ayv8075!,L47
L48_481,sqt6414,L48
H49_410,anp3938,H49
K50_203,btm5687!,K50
U51_734,nia7367,U51
M52_792,avr7697,M52
X53_108,wgw2486,X53
S54_716,ltu6628,S54
B55_832,yzx4436,B55
U56_185,ekp2439,U56
L57_760,hdo6363,L57
L58_315,uls9783,L58
L59_875,dzl3863!,L59
L60_058,iei2559,L60
G61_008,bqm9087,G61
G62_255,acv9932,G62
E63_334,ccp34427,E63
H64_340,xbp574,H64
H64_182,gns7184,H64
H66_510,vqa9445!,H66
H67_984,obw2192,H67
H68_179,xsx8886,H68
S69_902,rck760,S69
